{"cameraMode":{"drawMode":0,"name":"Shaded","section":"Shading Mode"},"sceneLighting":false,"audioPlay":false,"sceneViewState":{"showFog":true,"showMaterialUpdate":false,"showSkybox":false,"showFlares":true,"showImageEffects":true,"showParticleSystems":true},"in2DMode":false,"pivot":{"x":-0.7716825008392334,"y":-0.4916722774505615,"z":0.6859222650527954},"rotation":{"x":-0.20938840508460999,"y":0.305530846118927,"z":-0.06907439976930618,"w":-0.9263265132904053},"size":3.3639206886291506,"orthographic":false}