{"cameraMode":{"drawMode":0,"name":"Shaded","section":"Shading Mode"},"sceneLighting":false,"audioPlay":false,"sceneViewState":{"showFog":true,"showMaterialUpdate":false,"showSkybox":false,"showFlares":true,"showImageEffects":true,"showParticleSystems":true},"in2DMode":false,"pivot":{"x":0.6224638223648071,"y":1.5835200548171998,"z":-14.359999656677246},"rotation":{"x":-0.35340559482574465,"y":0.37769049406051638,"z":-0.15871508419513703,"w":-0.8410171270370483},"size":0.34578731656074526,"orthographic":false}